{
  "base_currency": "PHP",
  "updated_at": "2025-10-01T00:00:00+08:00",
  "currencies": ["USD", "EUR", "JPY", "AUD"],
  "series": [
    {
      "date": "2025-09-25",
      "USD": {"open": 0.0176, "high": 0.0181, "low": 0.0174, "close": 0.0178},
      "EUR": {"open": 0.0164, "high": 0.0167, "low": 0.0163, "close": 0.0165},
      "JPY": {"open": 2.60, "high": 2.66, "low": 2.58, "close": 2.64},
      "AUD": {"open": 0.0271, "high": 0.0276, "low": 0.0270, "close": 0.0274}
    },
    {
      "date": "2025-09-26",
      "USD": {"open": 0.0178, "high": 0.0182, "low": 0.0177, "close": 0.0179},
      "EUR": {"open": 0.0165, "high": 0.0168, "low": 0.0164, "close": 0.0166},
      "JPY": {"open": 2.62, "high": 2.69, "low": 2.60, "close": 2.67},
      "AUD": {"open": 0.0272, "high": 0.0275, "low": 0.0271, "close": 0.0273}
    },
    {
      "date": "2025-09-27",
      "USD": {"open": 0.0179, "high": 0.0179, "low": 0.0176, "close": 0.0177},
      "EUR": {"open": 0.0166, "high": 0.0166, "low": 0.0162, "close": 0.0164},
      "JPY": {"open": 2.66, "high": 2.66, "low": 2.61, "close": 2.63},
      "AUD": {"open": 0.0273, "high": 0.0273, "low": 0.0269, "close": 0.0271}
    },
    {
      "date": "2025-09-28",
      "USD": {"open": 0.0177, "high": 0.0178, "low": 0.0175, "close": 0.0176},
      "EUR": {"open": 0.0164, "high": 0.0165, "low": 0.0162, "close": 0.0163},
      "JPY": {"open": 2.63, "high": 2.64, "low": 2.59, "close": 2.61},
      "AUD": {"open": 0.0272, "high": 0.0273, "low": 0.0268, "close": 0.0270}
    },
    {
      "date": "2025-09-29",
      "USD": {"open": 0.0176, "high": 0.0180, "low": 0.0176, "close": 0.0178},
      "EUR": {"open": 0.0163, "high": 0.0166, "low": 0.0163, "close": 0.0165},
      "JPY": {"open": 2.61, "high": 2.67, "low": 2.60, "close": 2.65},
      "AUD": {"open": 0.0270, "high": 0.0274, "low": 0.0269, "close": 0.0272}
    },
    {
      "date": "2025-09-30",
      "USD": {"open": 0.0178, "high": 0.0182, "low": 0.0177, "close": 0.0179},
      "EUR": {"open": 0.0165, "high": 0.0169, "low": 0.0165, "close": 0.0167},
      "JPY": {"open": 2.65, "high": 2.72, "low": 2.64, "close": 2.68},
      "AUD": {"open": 0.0272, "high": 0.0277, "low": 0.0271, "close": 0.0275}
    },
    {
      "date": "2025-10-01",
      "USD": {"open": 0.0179, "high": 0.0183, "low": 0.0179, "close": 0.0180},
      "EUR": {"open": 0.0167, "high": 0.0170, "low": 0.0167, "close": 0.0168},
      "JPY": {"open": 2.68, "high": 2.74, "low": 2.67, "close": 2.70},
      "AUD": {"open": 0.0275, "high": 0.0280, "low": 0.0274, "close": 0.0277}
    }
  ]
}
