[
    {
        "id": "pred_68de8e854a7779.84210659",
        "passenger_name": "Marc Buday",
        "arrival_airport": "PPS",
        "departure_airport": "MNL",
        "arrival_percentage": 0.75,
        "departure_percentage": 0.75,
        "prediction_years": 5,
        "generated_at": "2025-10-02T14:39:01+00:00",
        "predicted_date": "2028-03-19",
        "recaman_value": 0,
        "fibonacci_value": 13
    },
    {
        "id": "pred_68de8e854a79b5.02032077",
        "passenger_name": "Ana Dela Cruz",
        "arrival_airport": "DVO",
        "departure_airport": "MNL",
        "arrival_percentage": 0.75,
        "departure_percentage": 0.75,
        "prediction_years": 5,
        "generated_at": "2025-10-02T14:39:01+00:00",
        "predicted_date": "2028-03-12",
        "recaman_value": 1,
        "fibonacci_value": 13
    },
    {
        "id": "pred_68de8e854a7af5.25381093",
        "passenger_name": "Jose Ramirez",
        "arrival_airport": "PPS",
        "departure_airport": "MNL",
        "arrival_percentage": 0.75,
        "departure_percentage": 0.75,
        "prediction_years": 5,
        "generated_at": "2025-10-02T14:39:01+00:00",
        "predicted_date": "2028-01-07",
        "recaman_value": 3,
        "fibonacci_value": 13
    },
    {
        "id": "pred_68de8e854a7bf8.06986389",
        "passenger_name": "Liza Soriano",
        "arrival_airport": "CEB",
        "departure_airport": "ILO",
        "arrival_percentage": 0.75,
        "departure_percentage": 0.75,
        "prediction_years": 5,
        "generated_at": "2025-10-02T14:39:01+00:00",
        "predicted_date": "2028-04-01",
        "recaman_value": 6,
        "fibonacci_value": 13
    },
    {
        "id": "pred_68de99f2e23500.14782893",
        "passenger_name": "Marc Buday",
        "arrival_airport": "PPS",
        "departure_airport": "MNL",
        "arrival_percentage": 0.75,
        "departure_percentage": 0.75,
        "prediction_years": 1,
        "generated_at": "2025-10-02T15:27:46+00:00",
        "predicted_date": "2026-03-19",
        "recaman_value": 0,
        "fibonacci_value": 2
    },
    {
        "id": "pred_68de99f2e236d3.83552456",
        "passenger_name": "Ana Dela Cruz",
        "arrival_airport": "DVO",
        "departure_airport": "MNL",
        "arrival_percentage": 0.75,
        "departure_percentage": 0.75,
        "prediction_years": 1,
        "generated_at": "2025-10-02T15:27:46+00:00",
        "predicted_date": "2026-03-12",
        "recaman_value": 1,
        "fibonacci_value": 2
    },
    {
        "id": "pred_68de99f2e237d4.90726350",
        "passenger_name": "Jose Ramirez",
        "arrival_airport": "PPS",
        "departure_airport": "MNL",
        "arrival_percentage": 0.75,
        "departure_percentage": 0.75,
        "prediction_years": 1,
        "generated_at": "2025-10-02T15:27:46+00:00",
        "predicted_date": "2026-01-06",
        "recaman_value": 3,
        "fibonacci_value": 2
    },
    {
        "id": "pred_68de99f2e238a0.48043496",
        "passenger_name": "Liza Soriano",
        "arrival_airport": "CEB",
        "departure_airport": "ILO",
        "arrival_percentage": 0.75,
        "departure_percentage": 0.75,
        "prediction_years": 1,
        "generated_at": "2025-10-02T15:27:46+00:00",
        "predicted_date": "2026-04-01",
        "recaman_value": 6,
        "fibonacci_value": 2
    },
    {"id": "pred_seed_20251002_0001","passenger_name": "Marc Buday","arrival_airport": "MNL","departure_airport": "PPS","arrival_percentage": 0.72,"departure_percentage": 0.74,"prediction_years": 2,"generated_at": "2025-10-02T16:00:01+00:00","predicted_date": "2027-02-10","recaman_value": 0,"fibonacci_value": 3},
    {"id": "pred_seed_20251002_0002","passenger_name": "Marc Buday","arrival_airport": "PPS","departure_airport": "MNL","arrival_percentage": 0.7,"departure_percentage": 0.72,"prediction_years": 2,"generated_at": "2025-10-02T16:00:02+00:00","predicted_date": "2027-06-18","recaman_value": 0,"fibonacci_value": 3},
    {"id": "pred_seed_20251002_0003","passenger_name": "Marc Buday","arrival_airport": "MNL","departure_airport": "PPS","arrival_percentage": 0.73,"departure_percentage": 0.74,"prediction_years": 3,"generated_at": "2025-10-02T16:00:03+00:00","predicted_date": "2027-11-22","recaman_value": 0,"fibonacci_value": 5},
    {"id": "pred_seed_20251002_0004","passenger_name": "Marc Buday","arrival_airport": "PPS","departure_airport": "MNL","arrival_percentage": 0.71,"departure_percentage": 0.73,"prediction_years": 3,"generated_at": "2025-10-02T16:00:04+00:00","predicted_date": "2028-03-05","recaman_value": 0,"fibonacci_value": 5},
    {"id": "pred_seed_20251002_0005","passenger_name": "Marc Buday","arrival_airport": "MNL","departure_airport": "PPS","arrival_percentage": 0.74,"departure_percentage": 0.75,"prediction_years": 4,"generated_at": "2025-10-02T16:00:05+00:00","predicted_date": "2028-07-19","recaman_value": 0,"fibonacci_value": 8},
    {"id": "pred_seed_20251002_0006","passenger_name": "Marc Buday","arrival_airport": "PPS","departure_airport": "MNL","arrival_percentage": 0.72,"departure_percentage": 0.74,"prediction_years": 4,"generated_at": "2025-10-02T16:00:06+00:00","predicted_date": "2029-01-08","recaman_value": 0,"fibonacci_value": 8},
    {"id": "pred_seed_20251002_0007","passenger_name": "Ana Dela Cruz","arrival_airport": "MNL","departure_airport": "CEB","arrival_percentage": 0.7,"departure_percentage": 0.72,"prediction_years": 2,"generated_at": "2025-10-02T16:00:07+00:00","predicted_date": "2027-01-28","recaman_value": 1,"fibonacci_value": 3},
    {"id": "pred_seed_20251002_0008","passenger_name": "Ana Dela Cruz","arrival_airport": "DVO","departure_airport": "MNL","arrival_percentage": 0.71,"departure_percentage": 0.73,"prediction_years": 2,"generated_at": "2025-10-02T16:00:08+00:00","predicted_date": "2027-06-02","recaman_value": 1,"fibonacci_value": 3},
    {"id": "pred_seed_20251002_0009","passenger_name": "Ana Dela Cruz","arrival_airport": "MNL","departure_airport": "CEB","arrival_percentage": 0.72,"departure_percentage": 0.74,"prediction_years": 3,"generated_at": "2025-10-02T16:00:09+00:00","predicted_date": "2027-12-08","recaman_value": 1,"fibonacci_value": 5},
    {"id": "pred_seed_20251002_0010","passenger_name": "Ana Dela Cruz","arrival_airport": "DVO","departure_airport": "MNL","arrival_percentage": 0.73,"departure_percentage": 0.74,"prediction_years": 3,"generated_at": "2025-10-02T16:00:10+00:00","predicted_date": "2028-02-27","recaman_value": 1,"fibonacci_value": 5},
    {"id": "pred_seed_20251002_0011","passenger_name": "Ana Dela Cruz","arrival_airport": "MNL","departure_airport": "CEB","arrival_percentage": 0.74,"departure_percentage": 0.75,"prediction_years": 4,"generated_at": "2025-10-02T16:00:11+00:00","predicted_date": "2028-06-14","recaman_value": 1,"fibonacci_value": 8},
    {"id": "pred_seed_20251002_0012","passenger_name": "Ana Dela Cruz","arrival_airport": "DVO","departure_airport": "MNL","arrival_percentage": 0.72,"departure_percentage": 0.74,"prediction_years": 4,"generated_at": "2025-10-02T16:00:12+00:00","predicted_date": "2028-12-20","recaman_value": 1,"fibonacci_value": 8},
    {"id": "pred_seed_20251002_0013","passenger_name": "Jose Ramirez","arrival_airport": "MNL","departure_airport": "PPS","arrival_percentage": 0.69,"departure_percentage": 0.71,"prediction_years": 2,"generated_at": "2025-10-02T16:00:13+00:00","predicted_date": "2027-03-03","recaman_value": 3,"fibonacci_value": 3},
    {"id": "pred_seed_20251002_0014","passenger_name": "Jose Ramirez","arrival_airport": "PPS","departure_airport": "MNL","arrival_percentage": 0.71,"departure_percentage": 0.72,"prediction_years": 2,"generated_at": "2025-10-02T16:00:14+00:00","predicted_date": "2027-07-18","recaman_value": 3,"fibonacci_value": 3},
    {"id": "pred_seed_20251002_0015","passenger_name": "Jose Ramirez","arrival_airport": "MNL","departure_airport": "PPS","arrival_percentage": 0.72,"departure_percentage": 0.74,"prediction_years": 3,"generated_at": "2025-10-02T16:00:15+00:00","predicted_date": "2027-12-30","recaman_value": 3,"fibonacci_value": 5},
    {"id": "pred_seed_20251002_0016","passenger_name": "Jose Ramirez","arrival_airport": "PPS","departure_airport": "MNL","arrival_percentage": 0.73,"departure_percentage": 0.75,"prediction_years": 3,"generated_at": "2025-10-02T16:00:16+00:00","predicted_date": "2028-03-18","recaman_value": 3,"fibonacci_value": 5},
    {"id": "pred_seed_20251002_0017","passenger_name": "Jose Ramirez","arrival_airport": "MNL","departure_airport": "PPS","arrival_percentage": 0.74,"departure_percentage": 0.75,"prediction_years": 4,"generated_at": "2025-10-02T16:00:17+00:00","predicted_date": "2028-06-29","recaman_value": 3,"fibonacci_value": 8},
    {"id": "pred_seed_20251002_0018","passenger_name": "Jose Ramirez","arrival_airport": "PPS","departure_airport": "MNL","arrival_percentage": 0.72,"departure_percentage": 0.74,"prediction_years": 4,"generated_at": "2025-10-02T16:00:18+00:00","predicted_date": "2028-12-10","recaman_value": 3,"fibonacci_value": 8},
    {"id": "pred_seed_20251002_0019","passenger_name": "Liza Soriano","arrival_airport": "ILO","departure_airport": "CRK","arrival_percentage": 0.7,"departure_percentage": 0.72,"prediction_years": 2,"generated_at": "2025-10-02T16:00:19+00:00","predicted_date": "2027-02-22","recaman_value": 6,"fibonacci_value": 3},
    {"id": "pred_seed_20251002_0020","passenger_name": "Liza Soriano","arrival_airport": "CEB","departure_airport": "ILO","arrival_percentage": 0.72,"departure_percentage": 0.73,"prediction_years": 2,"generated_at": "2025-10-02T16:00:20+00:00","predicted_date": "2027-06-30","recaman_value": 6,"fibonacci_value": 3},
    {"id": "pred_seed_20251002_0021","passenger_name": "Liza Soriano","arrival_airport": "CRK","departure_airport": "ILO","arrival_percentage": 0.73,"departure_percentage": 0.74,"prediction_years": 3,"generated_at": "2025-10-02T16:00:21+00:00","predicted_date": "2027-11-08","recaman_value": 6,"fibonacci_value": 5},
    {"id": "pred_seed_20251002_0022","passenger_name": "Liza Soriano","arrival_airport": "CEB","departure_airport": "ILO","arrival_percentage": 0.74,"departure_percentage": 0.75,"prediction_years": 3,"generated_at": "2025-10-02T16:00:22+00:00","predicted_date": "2028-02-16","recaman_value": 6,"fibonacci_value": 5},
    {"id": "pred_seed_20251002_0023","passenger_name": "Liza Soriano","arrival_airport": "ILO","departure_airport": "CRK","arrival_percentage": 0.74,"departure_percentage": 0.75,"prediction_years": 4,"generated_at": "2025-10-02T16:00:23+00:00","predicted_date": "2028-06-05","recaman_value": 6,"fibonacci_value": 8},
    {"id": "pred_seed_20251002_0024","passenger_name": "Liza Soriano","arrival_airport": "CEB","departure_airport": "ILO","arrival_percentage": 0.72,"departure_percentage": 0.74,"prediction_years": 4,"generated_at": "2025-10-02T16:00:24+00:00","predicted_date": "2028-11-20","recaman_value": 6,"fibonacci_value": 8}
]
